{
    "parent": "item/generated",
    "textures": {
        "layer0": "item/dried_kelp"
    },
    "overrides": [
      {"predicate": {"custom_model_data":101}, "model": "item/candy_corn"},
	  {"predicate": {"custom_model_data":103}, "model": "item/circus_peanut"},
	  {"predicate": {"custom_model_data":104}, "model": "item/ghirardelli_square"},
	  {"predicate": {"custom_model_data":105}, "model": "item/hershey_kiss"},
	  {"predicate": {"custom_model_data":106}, "model": "item/licorice_taffy"},
	  {"predicate": {"custom_model_data":107}, "model": "item/mike_and_ike"},
	  {"predicate": {"custom_model_data":108}, "model": "item/necco_wafers"},
	  {"predicate": {"custom_model_data":109}, "model": "item/peanut_butter_taffy"},
	  {"predicate": {"custom_model_data":110}, "model": "item/reeses_cups"},
	  {"predicate": {"custom_model_data":111}, "model": "item/snickers"},
	  {"predicate": {"custom_model_data":112}, "model": "item/werthers_original"}
    ]
}