{
  "type": "minecraft:barter",
  "pools": [
    {
      "rolls": 1,
      "entries": [
        {
          "type": "minecraft:item",
          "weight": 5,
          "functions": [
            {
              "function": "minecraft:enchant_randomly",
              "enchantments": [
                "minecraft:soul_speed"
              ]
            }
          ],
          "name": "minecraft:book"
        },
        {
          "type": "minecraft:item",
          "weight": 8,
          "functions": [
            {
              "function": "minecraft:enchant_randomly",
              "enchantments": [
                "minecraft:soul_speed"
              ]
            }
          ],
          "name": "minecraft:iron_boots"
        },
        {
          "type": "minecraft:item",
          "weight": 10,
          "functions": [
            {
              "function": "minecraft:set_nbt",
              "tag": "{Potion:\"minecraft:fire_resistance\"}"
            }
          ],
          "name": "minecraft:potion"
        },
        {
          "type": "minecraft:item",
          "weight": 10,
          "functions": [
            {
              "function": "minecraft:set_nbt",
              "tag": "{Potion:\"minecraft:fire_resistance\"}"
            }
          ],
          "name": "minecraft:splash_potion"
        },
        {
          "type": "minecraft:item",
          "weight": 10,
          "functions": [
            {
              "function": "minecraft:set_count",
              "count": {
                "min": 9.0,
                "max": 36.0,
                "type": "minecraft:uniform"
              }
            }
          ],
          "name": "minecraft:iron_nugget"
        },
        {
          "type": "minecraft:item",
          "weight": 20,
          "functions": [
            {
              "function": "minecraft:set_count",
              "count": {
                "min": 8.0,
                "max": 16.0,
                "type": "minecraft:uniform"
              }
            }
          ],
          "name": "minecraft:quartz"
        },
        {
          "type": "minecraft:item",
          "weight": 20,
          "functions": [
            {
              "function": "minecraft:set_count",
              "count": {
                "min": 5.0,
                "max": 12.0,
                "type": "minecraft:uniform"
              }
            }
          ],
          "name": "minecraft:glowstone_dust"
        },
        {
          "type": "minecraft:item",
          "weight": 20,
          "functions": [
            {
              "function": "minecraft:set_count",
              "count": {
                "min": 2.0,
                "max": 6.0,
                "type": "minecraft:uniform"
              }
            }
          ],
          "name": "minecraft:magma_cream"
        },
        {
          "type": "minecraft:item",
          "weight": 20,
          "functions": [
            {
              "function": "minecraft:set_count",
              "count": {
                "min": 4.0,
                "max": 8.0,
                "type": "minecraft:uniform"
              }
            }
          ],
          "name": "minecraft:ender_pearl"
        },
        {
          "type": "minecraft:item",
          "weight": 20,
          "functions": [
            {
              "function": "minecraft:set_count",
              "count": {
                "min": 8.0,
                "max": 24.0,
                "type": "minecraft:uniform"
              }
            }
          ],
          "name": "minecraft:string"
        },
        {
          "type": "minecraft:item",
          "weight": 40,
          "functions": [
            {
              "function": "minecraft:set_count",
              "count": {
                "min": 1.0,
                "max": 5.0,
                "type": "minecraft:uniform"
              }
            }
          ],
          "name": "minecraft:fire_charge"
        },
        {
          "type": "minecraft:item",
          "weight": 40,
          "functions": [
            {
              "function": "minecraft:set_count",
              "count": {
                "min": 8.0,
                "max": 16.0,
                "type": "minecraft:uniform"
              }
            }
          ],
          "name": "minecraft:gravel"
        },
        {
          "type": "minecraft:item",
          "weight": 40,
          "functions": [
            {
              "function": "minecraft:set_count",
              "count": {
                "min": 4.0,
                "max": 10.0,
                "type": "minecraft:uniform"
              }
            }
          ],
          "name": "minecraft:leather"
        },
        {
          "type": "minecraft:item",
          "weight": 40,
          "functions": [
            {
              "function": "minecraft:set_count",
              "count": {
                "min": 4.0,
                "max": 16.0,
                "type": "minecraft:uniform"
              }
            }
          ],
          "name": "minecraft:nether_brick"
        },
        {
          "type": "minecraft:item",
          "weight": 40,
          "name": "minecraft:obsidian"
        },
        {
          "type": "minecraft:item",
          "weight": 40,
          "functions": [
            {
              "function": "minecraft:set_count",
              "count": {
                "min": 1.0,
                "max": 3.0,
                "type": "minecraft:uniform"
              }
            }
          ],
          "name": "minecraft:crying_obsidian"
        },
        {
          "type": "minecraft:item",
          "weight": 40,
          "functions": [
            {
              "function": "minecraft:set_count",
              "count": {
                "min": 4.0,
                "max": 16.0,
                "type": "minecraft:uniform"
              }
            }
          ],
          "name": "minecraft:soul_sand"
        }
      ],
	  "conditions": [
	    {
		  "condition": "minecraft:inverted",
		  "term":
	      {
		    "condition": "minecraft:entity_properties",
		    "entity": "this",
		    "predicate": {
		      "nbt":"{Tags:[\"tot.trick_or_treat\"]}"
		    }
	      }
		}
	  ]
    },
	{
      "rolls": 1,
      "entries": [
        {
          "type": "minecraft:item",
          "weight": 15,
          "functions": [
            {
              "function": "minecraft:set_count",
              "count": {
                "min": 4.0,
                "max": 12.0,
                "type": "minecraft:uniform"
              }
            },
			{
              "function": "set_nbt",
              "tag": "{display:{Name:'{\"text\":\"Candy Corn\",\"color\":\"dark_gray\",\"italic\":false}'},CustomModelData:101}"
            }
          ],
          "name": "minecraft:dried_kelp"
        },
        {
          "type": "minecraft:item",
          "weight": 5,
          "functions": [
			{
              "function": "set_nbt",
              "tag": "{display:{Name:'{\"text\":\"Candy Apple\",\"color\":\"gold\",\"italic\":false}'},CustomModelData:101}"
            }
          ],
          "name": "minecraft:apple"
        },
        {
          "type": "minecraft:item",
          "weight": 10,
          "functions": [
            {
              "function": "minecraft:set_count",
              "count": {
                "min": 1.0,
                "max": 2.0,
                "type": "minecraft:uniform"
              }
            },
			{
              "function": "set_nbt",
              "tag": "{display:{Name:'{\"text\":\"Circus Peanut\",\"color\":\"dark_gray\",\"italic\":false}'},CustomModelData:103}"
            }
          ],
          "name": "minecraft:dried_kelp"
        },
        {
          "type": "minecraft:item",
          "weight": 5,
          "functions": [
			{
              "function": "set_nbt",
              "tag": "{display:{Name:'{\"text\":\"Dark Chocolate Square\",\"color\":\"gold\",\"italic\":false}'},CustomModelData:104}"
            }
          ],
          "name": "minecraft:dried_kelp"
        },
        {
          "type": "minecraft:item",
          "weight": 10,
          "functions": [
            {
              "function": "minecraft:set_count",
              "count": {
                "min": 2.0,
                "max": 4.0,
                "type": "minecraft:uniform"
              }
            },
			{
              "function": "set_nbt",
              "tag": "{display:{Name:'{\"text\":\"Chocolate Dot\",\"color\":\"dark_red\",\"italic\":false}'},CustomModelData:105}"
            }
          ],
          "name": "minecraft:dried_kelp"
        },
        {
          "type": "minecraft:item",
          "weight": 10,
          "functions": [
            {
              "function": "minecraft:set_count",
              "count": {
                "min": 1.0,
                "max": 3.0,
                "type": "minecraft:uniform"
              }
            },
			{
              "function": "set_nbt",
              "tag": "{display:{Name:'{\"text\":\"Licorice Taffy\",\"color\":\"dark_gray\",\"italic\":false}'},CustomModelData:106}"
            }
          ],
          "name": "minecraft:dried_kelp"
        },
        {
          "type": "minecraft:item",
          "weight": 10,
          "functions": [
            {
              "function": "minecraft:set_count",
              "count": {
                "min": 1.0,
                "max": 2.0,
                "type": "minecraft:uniform"
              }
            },
			{
              "function": "set_nbt",
              "tag": "{display:{Name:'{\"text\":\"Fruit Gummies\",\"color\":\"dark_red\",\"italic\":false}'},CustomModelData:107}"
            }
          ],
          "name": "minecraft:dried_kelp"
        },
        {
          "type": "minecraft:item",
          "weight": 5,
          "functions": [
            {
              "function": "minecraft:set_count",
              "count": {
                "min": 1.0,
                "max": 2.0,
                "type": "minecraft:uniform"
              }
            },
			{
              "function": "set_nbt",
              "tag": "{display:{Name:'{\"text\":\"Wafer Candy\",\"color\":\"dark_gray\",\"italic\":false}'},CustomModelData:108}"
            }
          ],
          "name": "minecraft:dried_kelp"
        },
        {
          "type": "minecraft:item",
          "weight": 15,
          "functions": [
            {
              "function": "minecraft:set_count",
              "count": {
                "min": 2.0,
                "max": 4.0,
                "type": "minecraft:uniform"
              }
            },
			{
              "function": "set_nbt",
              "tag": "{display:{Name:'{\"text\":\"Peanut Butter Taffy\",\"color\":\"dark_red\",\"italic\":false}'},CustomModelData:109}"
            }
          ],
          "name": "minecraft:dried_kelp"
        },
        {
          "type": "minecraft:item",
          "weight": 10,
          "functions": [
            {
              "function": "minecraft:set_count",
              "count": {
                "min": 1.0,
                "max": 2.0,
                "type": "minecraft:uniform"
              }
            },
			{
              "function": "set_nbt",
              "tag": "{display:{Name:'{\"text\":\"Peanut Butter Cups\",\"color\":\"gold\",\"italic\":false}'},CustomModelData:110}"
            }
          ],
          "name": "minecraft:dried_kelp"
        },
        {
          "type": "minecraft:item",
          "weight": 5,
          "functions": [
            {
              "function": "minecraft:set_count",
              "count": {
                "min": 1.0,
                "max": 2.0,
                "type": "minecraft:uniform"
              }
            },
			{
              "function": "set_nbt",
              "tag": "{display:{Name:'{\"text\":\"Noughat\",\"color\":\"gold\",\"italic\":false}'},CustomModelData:111}"
            }
          ],
          "name": "minecraft:dried_kelp"
        },
        {
          "type": "minecraft:item",
          "weight": 15,
          "functions": [
            {
              "function": "minecraft:set_count",
              "count": {
                "min": 2.0,
                "max": 5.0,
                "type": "minecraft:uniform"
              }
            },
			{
              "function": "set_nbt",
              "tag": "{display:{Name:'{\"text\":\"Butterscotch Candy\",\"color\":\"dark_red\",\"italic\":false}'},CustomModelData:112}"
            }
          ],
          "name": "minecraft:dried_kelp"
        },
        {
          "type": "minecraft:item",
          "weight": 1,
          "name": "minecraft:diamond"
        },
        {
          "type": "minecraft:item",
          "weight": 2,
          "name": "minecraft:skeleton_skull"
        },
        {
          "type": "minecraft:item",
          "weight": 2,
          "name": "minecraft:zombie_head"
        },
        {
          "type": "minecraft:item",
          "weight": 3,
          "functions": [
            {
              "function": "minecraft:set_count",
              "count": {
                "min": 2.0,
                "max": 5.0,
                "type": "minecraft:uniform"
              }
            }
          ],
          "name": "minecraft:cobweb"
        }
      ],
	  "conditions": [
	    {
		  "condition": "minecraft:entity_properties",
		  "entity": "this",
		  "predicate": {
		    "nbt":"{Tags:[\"tot.trick_or_treat\"]}"
		  }
		}
	  ]
    }
  ]
}